,date_of_record,station_name,state,district,latitude,longitude,elevation,avg_temp,min_temp,max_temp,anomaly_category
2802,2018-08-07,Srinagar,JK,Srinagar,34.0833,74.8333,1585,20.3,22.2,25.6,AVG_LT_MIN
2841,2018-09-15,Srinagar,JK,Srinagar,34.0833,74.8333,1585,14.8,16.2,20.4,AVG_LT_MIN
2855,2018-09-29,Srinagar,JK,Srinagar,34.0833,74.8333,1585,16.0,16.2,27.0,AVG_LT_MIN
2890,2018-11-03,Srinagar,JK,Srinagar,34.0833,74.8333,1585,2.3,4.5,14.7,AVG_LT_MIN
2985,2019-02-06,Srinagar,JK,Srinagar,34.0833,74.8333,1585,1.4,1.5,10.6,AVG_LT_MIN
3054,2019-04-16,Srinagar,JK,Srinagar,34.0833,74.8333,1585,13.8,14.2,18.9,AVG_LT_MIN
3068,2019-04-30,Srinagar,JK,Srinagar,34.0833,74.8333,1585,14.3,17.4,23.5,AVG_LT_MIN
3258,2019-11-06,Srinagar,JK,Srinagar,34.0833,74.8333,1585,5.1,5.6,18.8,AVG_LT_MIN
3279,2019-11-27,Srinagar,JK,Srinagar,34.0833,74.8333,1585,3.6,4.9,10.2,AVG_LT_MIN
3551,2020-08-25,Srinagar,JK,Srinagar,34.0833,74.8333,1585,27.2,19.9,25.8,AVG_GT_MAX
3632,2020-11-14,Srinagar,JK,Srinagar,34.0833,74.8333,1585,7.3,7.8,12.4,AVG_LT_MIN
5016,2024-08-29,Srinagar,JK,Srinagar,34.0833,74.8333,1585,18.4,18.6,26.3,AVG_LT_MIN
5017,2024-08-30,Srinagar,JK,Srinagar,34.0833,74.8333,1585,17.6,18.0,21.5,AVG_LT_MIN
36216,2023-12-23,Ludhiana,PB,Ludhiana,30.8667,75.9333,255,14.4,7.4,12.8,AVG_GT_MAX
37722,2018-01-05,Patiala,PB,Patiala,30.3333,76.4667,249,7.4,7.6,13.1,AVG_LT_MIN
48648,2024-08-11,Chandigarh / S?rajpur,CH,Chandigarh,30.7333,76.8833,347,25.2,25.9,34.0,AVG_LT_MIN
88580,2023-12-23,New Delhi / Palam,DL,New Delhi,28.5667,77.1167,220,16.6,13.0,16.3,AVG_GT_MAX
92274,2023-12-23,New Delhi / Safdarjung,DL,New Delhi,28.5833,77.2,211,15.2,9.6,14.9,AVG_GT_MAX
102083,2025-01-30,Pasighat,AR,East Siang,28.1,95.3833,155,16.6,15.8,16.4,AVG_GT_MAX
123219,2023-02-04,Darjeeling,WB,Darjeeling,27.05,88.2667,2127,11.6,6.0,10.6,AVG_GT_MAX
140523,2023-12-23,Jodhpur,RJ,Jodhpur,26.3,73.0167,217,20.6,13.9,20.2,AVG_GT_MAX
145477,2018-04-29,Jaipur / Sanganer,RJ,Jaipur,26.8167,75.8,385,38.6,30.0,87.0,EXTREME_OUTLIER_GT_60C
204597,2021-07-14,Jorhat / Lengrabhita,AS,Jorhat,26.0667,90.1667,880,28.2,23.9,25.9,AVG_GT_MAX
204612,2021-07-29,Jorhat / Lengrabhita,AS,Jorhat,26.0667,90.1667,880,33.2,26.5,26.5,AVG_GT_MAX
204625,2021-08-11,Jorhat / Lengrabhita,AS,Jorhat,26.0667,90.1667,880,30.7,25.9,26.1,AVG_GT_MAX
205275,2023-05-24,Jorhat / Lengrabhita,AS,Jorhat,26.0667,90.1667,880,26.9,22.8,25.1,AVG_GT_MAX
205359,2023-08-16,Jorhat / Lengrabhita,AS,Jorhat,26.0667,90.1667,880,31.3,23.9,26.9,AVG_GT_MAX
205361,2023-08-18,Jorhat / Lengrabhita,AS,Jorhat,26.0667,90.1667,880,30.4,25.7,27.4,AVG_GT_MAX
205679,2024-07-01,Jorhat / Lengrabhita,AS,Jorhat,26.0667,90.1667,880,25.8,22.6,22.3,MIN_GT_MAX_INVERSION; AVG_GT_MAX
235816,2023-08-22,Allahabad / Bamhrauli,UP,Prayagraj,25.45,81.7333,97,27.2,29.0,32.7,AVG_LT_MIN
267752,2023-09-24,Cherrapunji,ML,East Khasi Hills,25.25,91.7333,1312,16.2,17.4,22.7,AVG_LT_MIN
282493,2021-01-08,Udaipur Dabok,RJ,Udaipur,24.6167,73.8833,509,14.3,14.5,19.8,AVG_LT_MIN
283799,2024-08-06,Udaipur Dabok,RJ,Udaipur,24.6167,73.8833,509,27.4,24.2,27.3,AVG_GT_MAX
286161,2021-01-08,Udaipur,RJ,Udaipur,24.5833,73.7,581,13.9,14.1,19.4,AVG_LT_MIN
287467,2024-08-06,Udaipur,RJ,Udaipur,24.5833,73.7,581,27.0,23.8,26.9,AVG_GT_MAX
365050,2021-05-26,Ranchi / Silwai,BR,Ranchi,23.4333,85.4,647,22.7,22.8,24.0,AVG_LT_MIN
365161,2021-09-14,Ranchi / Silwai,BR,Ranchi,23.4333,85.4,647,22.9,23.0,23.9,AVG_LT_MIN
368732,2021-05-26,M. O. Ranchi,BR,Ranchi,23.3167,85.3167,652,22.7,22.8,24.0,AVG_LT_MIN
368843,2021-09-14,M. O. Ranchi,BR,Ranchi,23.3167,85.3167,652,22.9,23.0,23.9,AVG_LT_MIN
435278,2018-07-26,Calcutta / Alipore,WB,Kolkata,22.5333,88.3333,5,27.2,26.4,27.0,AVG_GT_MAX
436097,2020-10-22,Calcutta / Alipore,WB,Kolkata,22.5333,88.3333,5,26.4,24.0,26.0,AVG_GT_MAX
441078,2024-05-01,Calcutta / Dum Dum,WB,Kolkata,22.65,88.45,4,29.9,32.0,41.0,AVG_LT_MIN
510751,2021-06-16,Nasik Ozar,MH,Nashik,20.1333,73.9167,599,28.8,23.2,28.5,AVG_GT_MAX
510752,2021-06-17,Nasik Ozar,MH,Nashik,20.1333,73.9167,599,28.6,22.5,28.0,AVG_GT_MAX
510759,2021-06-24,Nasik Ozar,MH,Nashik,20.1333,73.9167,599,27.5,22.3,25.6,AVG_GT_MAX
510761,2021-06-26,Nasik Ozar,MH,Nashik,20.1333,73.9167,599,28.4,22.3,27.6,AVG_GT_MAX
510763,2021-06-28,Nasik Ozar,MH,Nashik,20.1333,73.9167,599,26.4,22.4,25.1,AVG_GT_MAX
510769,2021-07-04,Nasik Ozar,MH,Nashik,20.1333,73.9167,599,31.0,22.3,30.8,AVG_GT_MAX
510776,2021-07-11,Nasik Ozar,MH,Nashik,20.1333,73.9167,599,29.5,23.0,29.0,AVG_GT_MAX
510783,2021-07-18,Nasik Ozar,MH,Nashik,20.1333,73.9167,599,27.0,23.2,25.0,AVG_GT_MAX
510788,2021-07-23,Nasik Ozar,MH,Nashik,20.1333,73.9167,599,26.1,22.2,24.7,AVG_GT_MAX
510794,2021-07-29,Nasik Ozar,MH,Nashik,20.1333,73.9167,599,25.0,22.6,24.6,AVG_GT_MAX
510804,2021-08-08,Nasik Ozar,MH,Nashik,20.1333,73.9167,599,28.0,21.8,27.7,AVG_GT_MAX
510816,2021-08-20,Nasik Ozar,MH,Nashik,20.1333,73.9167,599,24.1,21.1,23.4,AVG_GT_MAX
510840,2021-09-13,Nasik Ozar,MH,Nashik,20.1333,73.9167,599,24.4,22.2,23.7,AVG_GT_MAX
510853,2021-09-26,Nasik Ozar,MH,Nashik,20.1333,73.9167,599,26.6,20.5,26.4,AVG_GT_MAX
511199,2022-09-07,Nasik Ozar,MH,Nashik,20.1333,73.9167,599,28.6,21.5,28.2,AVG_GT_MAX
511545,2023-08-19,Nasik Ozar,MH,Nashik,20.1333,73.9167,599,26.2,21.8,26.1,AVG_GT_MAX
639606,2016-07-09,Hyderabad Airport,AP,Hyderabad,17.45,78.4667,530,22.5,23.5,28.6,AVG_LT_MIN
639608,2016-07-11,Hyderabad Airport,AP,Hyderabad,17.45,78.4667,530,23.0,23.5,27.2,AVG_LT_MIN
639616,2016-07-19,Hyderabad Airport,AP,Hyderabad,17.45,78.4667,530,23.2,23.5,32.6,AVG_LT_MIN
639658,2016-08-30,Hyderabad Airport,AP,Hyderabad,17.45,78.4667,530,24.3,24.5,32.0,AVG_LT_MIN
639669,2016-09-10,Hyderabad Airport,AP,Hyderabad,17.45,78.4667,530,23.1,23.5,31.5,AVG_LT_MIN
639683,2016-09-24,Hyderabad Airport,AP,Hyderabad,17.45,78.4667,530,22.5,23.5,26.5,AVG_LT_MIN
641444,2021-07-21,Hyderabad Airport,AP,Hyderabad,17.45,78.4667,530,21.9,22.0,29.0,AVG_LT_MIN
650526,2021-06-12,Vishakhapatnam,AP,Visakhapatnam,17.7167,83.2333,3,30.1,26.8,28.2,AVG_GT_MAX
650537,2021-06-23,Vishakhapatnam,AP,Visakhapatnam,17.7167,83.2333,3,26.8,27.5,34.4,AVG_LT_MIN
650671,2021-11-04,Vishakhapatnam,AP,Visakhapatnam,17.7167,83.2333,3,26.0,22.6,25.9,AVG_GT_MAX
691560,2019-06-15,Mormugao,GA,South Goa,15.4167,73.7833,61,32.1,27.3,31.9,AVG_GT_MAX
769250,2024-11-21,Madras / Minambakkam,TN,Chennai,13.0,80.1833,10,24.0,25.0,30.0,AVG_LT_MIN
772069,2022-06-30,Mangalore / Bajpe,KA,Dakshina Kannada,12.9167,74.8833,102,23.9,24.0,26.8,AVG_LT_MIN
781298,2015-04-23,Bangalore,KA,Bengaluru Urban,12.9667,77.5833,920,24.6,24.7,33.5,AVG_LT_MIN
781316,2015-05-11,Bangalore,KA,Bengaluru Urban,12.9667,77.5833,920,25.1,27.9,31.5,AVG_LT_MIN
781317,2015-05-12,Bangalore,KA,Bengaluru Urban,12.9667,77.5833,920,24.8,25.2,32.0,AVG_LT_MIN
781321,2015-05-16,Bangalore,KA,Bengaluru Urban,12.9667,77.5833,920,23.1,24.2,31.2,AVG_LT_MIN
781336,2015-05-31,Bangalore,KA,Bengaluru Urban,12.9667,77.5833,920,24.2,24.9,32.2,AVG_LT_MIN
781340,2015-06-04,Bangalore,KA,Bengaluru Urban,12.9667,77.5833,920,23.7,24.4,30.5,AVG_LT_MIN
781360,2015-06-24,Bangalore,KA,Bengaluru Urban,12.9667,77.5833,920,24.4,24.9,30.3,AVG_LT_MIN
781362,2015-06-26,Bangalore,KA,Bengaluru Urban,12.9667,77.5833,920,23.7,25.0,30.6,AVG_LT_MIN
781381,2015-07-15,Bangalore,KA,Bengaluru Urban,12.9667,77.5833,920,23.9,24.7,30.0,AVG_LT_MIN
781385,2015-07-19,Bangalore,KA,Bengaluru Urban,12.9667,77.5833,920,21.8,22.9,29.8,AVG_LT_MIN
781393,2015-07-27,Bangalore,KA,Bengaluru Urban,12.9667,77.5833,920,23.4,23.8,28.0,AVG_LT_MIN
781401,2015-08-04,Bangalore,KA,Bengaluru Urban,12.9667,77.5833,920,22.9,23.7,29.0,AVG_LT_MIN
781405,2015-08-08,Bangalore,KA,Bengaluru Urban,12.9667,77.5833,920,23.5,23.8,28.5,AVG_LT_MIN
781413,2015-08-16,Bangalore,KA,Bengaluru Urban,12.9667,77.5833,920,24.5,24.8,31.1,AVG_LT_MIN
781418,2015-08-21,Bangalore,KA,Bengaluru Urban,12.9667,77.5833,920,23.4,23.5,31.6,AVG_LT_MIN
781448,2015-09-20,Bangalore,KA,Bengaluru Urban,12.9667,77.5833,920,22.9,23.9,29.4,AVG_LT_MIN
781452,2015-09-24,Bangalore,KA,Bengaluru Urban,12.9667,77.5833,920,24.6,24.9,33.2,AVG_LT_MIN
781462,2015-10-04,Bangalore,KA,Bengaluru Urban,12.9667,77.5833,920,23.2,23.9,29.6,AVG_LT_MIN
781504,2015-11-15,Bangalore,KA,Bengaluru Urban,12.9667,77.5833,920,19.1,20.9,24.8,AVG_LT_MIN
781509,2015-11-20,Bangalore,KA,Bengaluru Urban,12.9667,77.5833,920,22.0,23.9,26.4,AVG_LT_MIN
781511,2015-11-22,Bangalore,KA,Bengaluru Urban,12.9667,77.5833,920,21.2,22.9,25.5,AVG_LT_MIN
781520,2015-12-01,Bangalore,KA,Bengaluru Urban,12.9667,77.5833,920,21.1,22.4,23.8,AVG_LT_MIN
786009,2018-02-03,Bangalore / Hindustan Airport,KA,Bengaluru Urban,12.95,77.6333,888,15.8,16.0,28.8,AVG_LT_MIN
800849,2016-06-09,Kozhikode,KL,Kozhikode,11.25,75.7833,4,26.5,26.6,30.2,AVG_LT_MIN
897974,2017-12-01,Thiruvananthapuram,KL,Thiruvananthapuram,8.4833,76.95,60,23.2,23.3,25.5,AVG_LT_MIN
