,count,missing,missing_pct,mean,std,min,q25,median,q75,max,skew
avg_temp,970339.0,0.0,0.0,25.66170853691338,5.438132717800957,-10.4,23.1,26.7,29.1,43.4,-0.9726140153011785
min_temp,926441.0,43898.0,4.523985947179285,20.647342140514088,6.008170871460995,-18.5,17.1,22.4,25.0,36.6,-1.0194927573931332
max_temp,859741.0,110598.0,11.397872289993497,31.195383377086827,5.464499172936127,-5.6,28.5,31.6,34.4,87.0,-0.6473421730777219
wind_speed,695895.0,274444.0,28.283311296361376,9.432732380603397,4.979262606101378,0.0,6.1,8.4,11.6,66.6,1.5680316817880364
air_pressure,665675.0,304664.0,31.397686787813335,1009.4376634243438,5.292870662223626,922.6,1005.8,1009.8,1013.3,1036.5,-0.2197575796243511
rainfall,712785.0,257554.0,26.54268250580467,5.267532565921,14.444142068063769,0.0,0.0,0.0,4.0,485.9,6.83264618390234
elevation,970339.0,0.0,0.0,298.1810181802442,415.26621476251796,0.0,16.0,139.0,436.0,2652.0,2.5776667439948
latitude,970339.0,0.0,0.0,20.793670336552484,6.328275224369604,7.9833,15.85,21.6167,25.5667,34.0833,-0.18185255566701608
longitude,970339.0,0.0,0.0,79.42682559342666,5.852512104465779,68.85,75.4,78.0667,82.7167,95.3833,0.8273585611338449
