date_of_record,avg_temp_mean,avg_temp_min,avg_temp_max,rainfall_mean,rainfall_<lambda_0>,rainfall_sum,wind_speed_mean,air_pressure_mean
2015,26.241638347343947,-0.4,40.6,10.189378786772757,0.20233410838848148,139584.3,8.373423517169616,1010.405249343832
2016,26.702977951391727,-0.2,42.9,10.751633117063163,0.20134677933412876,193884.2,9.110536398467433,1008.5875563258232
2017,26.55265353155025,-2.5,43.4,10.757165141430947,0.20994546870942613,206881.8,9.019877334820183,1008.5451211932877
2018,26.412802195202726,-1.8,43.1,10.143911262435495,0.19894024696030657,190675.1,8.60655322026258,1009.2893535100286
2019,26.314425283884997,-0.3,42.9,11.868304409542562,0.2220645083353467,259191.9,8.37311531007752,1009.856150430922
2020,26.01635520938222,-1.3,42.3,11.5162865872559,0.2236569330095362,260072.3,7.430507451599425,1009.4577528741183
2021,25.207509198821423,-9.3,38.8,4.709495869457338,0.4978359860713631,645332.8,8.634752130324037,1009.1344553317392
2022,25.26965366284674,-6.4,43.2,4.408072630622567,0.45494403984149084,650129.0,8.658276476817287,1008.7257752756276
2023,25.426772505140598,-9.2,42.3,3.743915319188709,0.42863914332256253,560786.1,10.538584333126364,1010.057173473271
2024,25.61888368757864,-10.4,42.4,4.35385517423693,0.4417423186719522,642319.9,10.519102437697617,1009.3152179687128
2025,20.00856734036845,-7.3,29.9,0.3434567459607703,0.10242651880999225,5760.8,9.2834376676802,1014.2042449174269
